{"stats":{"minecraft:used":{"minecraft:wooden_axe":80,"minecraft:flint_and_steel":2,"minecraft:crafting_table":1},"minecraft:mined":{"minecraft:short_grass":39,"minecraft:acacia_log":34,"minecraft:oak_log":5,"minecraft:birch_leaves":8},"minecraft:picked_up":{"minecraft:stick":10,"minecraft:wheat_seeds":8,"minecraft:acacia_log":31,"minecraft:oak_log":4,"minecraft:oak_sapling":3,"minecraft:acacia_sapling":10},"minecraft:crafted":{"minecraft:acacia_planks":12,"minecraft:crafting_table":1,"minecraft:wooden_axe":1},"minecraft:custom":{"minecraft:time_since_rest":22055,"minecraft:open_chest":1,"minecraft:crouch_one_cm":896,"minecraft:play_time":22055,"minecraft:sprint_one_cm":39920,"minecraft:damage_taken":110,"minecraft:walk_one_cm":57878,"minecraft:sneak_time":403,"minecraft:walk_under_water_one_cm":2213,"minecraft:jump":203,"minecraft:leave_game":3,"minecraft:time_since_death":22055,"minecraft:walk_on_water_one_cm":11441,"minecraft:total_world_time":22055,"minecraft:interact_with_crafting_table":4,"minecraft:fall_one_cm":5072,"minecraft:fly_one_cm":274462}},"DataVersion":3953}