{"stats":{"minecraft:custom":{"minecraft:time_since_rest":28866,"minecraft:open_chest":1,"minecraft:crouch_one_cm":904,"minecraft:play_time":28866,"minecraft:sprint_one_cm":48961,"minecraft:damage_taken":110,"minecraft:walk_one_cm":68714,"minecraft:sneak_time":685,"minecraft:walk_under_water_one_cm":5080,"minecraft:mob_kills":7,"minecraft:jump":241,"minecraft:leave_game":5,"minecraft:time_since_death":28866,"minecraft:walk_on_water_one_cm":17835,"minecraft:total_world_time":28866,"minecraft:interact_with_crafting_table":4,"minecraft:fall_one_cm":5072,"minecraft:fly_one_cm":365196},"minecraft:used":{"minecraft:wooden_axe":80,"minecraft:tnt":5,"minecraft:flint_and_steel":10,"minecraft:crafting_table":1},"minecraft:mined":{"minecraft:short_grass":39,"minecraft:acacia_log":34,"minecraft:oak_log":5,"minecraft:birch_leaves":8},"minecraft:killed":{"minecraft:cod":1,"minecraft:tropical_fish":1,"minecraft:pufferfish":3,"minecraft:cow":2},"minecraft:crafted":{"minecraft:acacia_planks":12,"minecraft:crafting_table":1,"minecraft:wooden_axe":1},"minecraft:picked_up":{"minecraft:stick":10,"minecraft:wheat_seeds":9,"minecraft:acacia_log":31,"minecraft:oak_log":6,"minecraft:oak_sapling":7,"minecraft:birch_sapling":2,"minecraft:acacia_sapling":10,"minecraft:dirt":157,"minecraft:cobblestone":3}},"DataVersion":3953}