{"stats":{"minecraft:custom":{"minecraft:jump":226,"minecraft:damage_dealt":38,"minecraft:damage_taken":145,"minecraft:crouch_one_cm":97,"minecraft:leave_game":3,"minecraft:play_time":13462,"minecraft:sprint_one_cm":43971,"minecraft:time_since_death":13462,"minecraft:walk_on_water_one_cm":522,"minecraft:walk_one_cm":27926,"minecraft:sneak_time":10,"minecraft:total_world_time":13462,"minecraft:mob_kills":1,"minecraft:fall_one_cm":5541,"minecraft:fly_one_cm":25736,"minecraft:time_since_rest":13462},"minecraft:mined":{"minecraft:birch_log":7,"minecraft:short_grass":6,"minecraft:birch_leaves":3,"minecraft:oak_leaves":7,"minecraft:grass_block":1},"minecraft:picked_up":{"minecraft:birch_log":7,"minecraft:arrow":2,"minecraft:bone":2}},"DataVersion":3953}